Model,MAE,RMSE,R2
RandomForest,16.27457622709351,20.301187360411852,0.5743768357402552
XGBoost,16.824513949834422,20.960844945137993,0.5462674372365204
